session_id,request_id,rank,score,relevant,clicked,defect,success,latency_ms,model_version,fallback
s000,r000-1,1,0.97011,1,1,stale_job,1,16.456,2.0.0,0
s000,r000-2,2,0.71833,0,0,stale_job,1,33.061,2.0.0,0
s000,r000-3,3,0.70006,0,0,stale_job,1,24.871,2.0.0,0
s000,r000-4,4,0.50716,0,0,stale_job,1,22.657,2.0.0,0
s000,r000-5,5,0.42302,0,0,stale_job,1,20.748,2.0.0,0
s001,r001-1,1,0.95682,1,1,timeout,0,157.117,2.0.0,1
s001,r001-2,2,0.801,1,1,timeout,1,39.702,2.0.0,0
s001,r001-3,3,0.70097,0,0,timeout,1,34.944,2.0.0,0
s001,r001-4,4,0.55963,0,0,timeout,1,27.689,2.0.0,0
s001,r001-5,5,0.37302,0,0,timeout,1,35.068,2.0.0,0
s002,r002-1,1,0.93937,1,0,none,1,26.127,2.0.0,0
s002,r002-2,2,0.76984,1,1,none,1,39.581,2.0.0,0
s002,r002-3,3,0.70236,1,0,none,1,27.14,2.0.0,0
s002,r002-4,4,0.52616,0,0,none,1,39.844,2.0.0,0
s002,r002-5,5,0.44129,1,0,none,1,30.313,2.0.0,0
s003,r003-1,1,0.88856,0,0,timeout,0,165.732,2.0.0,1
s003,r003-2,2,0.78823,1,1,timeout,1,25.373,2.0.0,0
s003,r003-3,3,0.65601,0,0,timeout,1,41.271,2.0.0,0
s003,r003-4,4,0.54063,0,0,timeout,1,38.234,2.0.0,0
s003,r003-5,5,0.38291,0,0,timeout,1,38.767,2.0.0,0
s004,r004-1,1,0.8843,1,0,none,1,31.42,2.0.0,0
s004,r004-2,2,0.7064,0,0,none,1,44.061,2.0.0,0
s004,r004-3,3,0.6799,1,1,none,1,16.787,2.0.0,0
s004,r004-4,4,0.54114,0,0,none,1,44.957,2.0.0,0
s004,r004-5,5,0.37454,0,0,none,1,24.827,2.0.0,0
s005,r005-1,1,0.92602,0,0,none,1,22.501,2.0.0,0
s005,r005-2,2,0.79551,0,0,none,1,42.032,2.0.0,0
s005,r005-3,3,0.67872,1,1,none,1,34.599,2.0.0,0
s005,r005-4,4,0.53475,0,0,none,1,40.702,2.0.0,0
s005,r005-5,5,0.39595,0,0,none,1,32.081,2.0.0,0
s006,r006-1,1,0.88342,1,1,timeout,0,162.794,2.0.0,1
s006,r006-2,2,0.85057,1,1,timeout,1,19.013,2.0.0,0
s006,r006-3,3,0.63849,1,1,timeout,1,37.351,2.0.0,0
s006,r006-4,4,0.56142,0,0,timeout,1,21.484,2.0.0,0
s006,r006-5,5,0.38856,1,1,timeout,1,40.806,2.0.0,0
s007,r007-1,1,0.90067,1,1,none,1,25.931,2.0.0,0
s007,r007-2,2,0.76369,1,1,none,1,24.55,2.0.0,0
s007,r007-3,3,0.61685,0,0,none,1,37.043,2.0.0,0
s007,r007-4,4,0.53249,1,1,none,1,16.215,2.0.0,0
s007,r007-5,5,0.44268,1,0,none,1,37.198,2.0.0,0
s008,r008-1,1,0.90794,1,1,missing_skill,1,16.011,2.0.0,0
s008,r008-2,2,0.79491,0,0,missing_skill,1,44.243,2.0.0,0
s008,r008-3,3,0.60367,1,0,missing_skill,1,35.019,2.0.0,0
s008,r008-4,4,0.47813,0,0,missing_skill,1,43.632,2.0.0,0
s008,r008-5,5,0.32787,0,0,missing_skill,1,16.068,2.0.0,0
s009,r009-1,1,0.92572,1,1,timeout,0,165.736,2.0.0,1
s009,r009-2,2,0.86078,1,0,timeout,1,19.404,2.0.0,0
s009,r009-3,3,0.64956,0,0,timeout,1,27.514,2.0.0,0
s009,r009-4,4,0.52719,1,0,timeout,1,17.883,2.0.0,0
s009,r009-5,5,0.42939,0,0,timeout,1,20.769,2.0.0,0
s010,r010-1,1,0.96191,1,0,none,1,20.757,2.0.0,0
s010,r010-2,2,0.86858,1,0,none,1,41.886,2.0.0,0
s010,r010-3,3,0.72646,1,0,none,1,18.15,2.0.0,0
s010,r010-4,4,0.50459,0,0,none,1,15.37,2.0.0,0
s010,r010-5,5,0.43886,1,1,none,1,42.228,2.0.0,0
s011,r011-1,1,0.89238,1,1,none,1,33.341,2.0.0,0
s011,r011-2,2,0.76058,1,0,none,1,27.087,2.0.0,0
s011,r011-3,3,0.53676,1,1,none,1,23.647,2.0.0,0
s011,r011-4,4,0.4151,1,1,none,1,36.697,2.0.0,0
s011,r011-5,5,0.37751,0,0,none,1,31.752,2.0.0,0
s012,r012-1,1,0.94376,1,1,none,1,34.008,2.0.0,0
s012,r012-2,2,0.71149,1,1,none,1,26.679,2.0.0,0
s012,r012-3,3,0.66159,1,1,none,1,29.865,2.0.0,0
s012,r012-4,4,0.55982,1,1,none,1,23.213,2.0.0,0
s012,r012-5,5,0.48606,1,1,none,1,24.351,2.0.0,0
s013,r013-1,1,0.93486,1,0,none,1,18.854,2.0.0,0
s013,r013-2,2,0.74078,1,1,none,1,26.079,2.0.0,0
s013,r013-3,3,0.62759,0,0,none,1,43.154,2.0.0,0
s013,r013-4,4,0.44723,0,0,none,1,16.666,2.0.0,0
s013,r013-5,5,0.32507,0,0,none,1,17.744,2.0.0,0
s014,r014-1,1,0.96551,0,0,cold_start,1,40.566,2.0.0,0
s014,r014-2,2,0.79605,1,1,cold_start,1,21.953,2.0.0,0
s014,r014-3,3,0.62624,1,1,cold_start,1,37.024,2.0.0,0
s014,r014-4,4,0.56175,0,0,cold_start,1,34.833,2.0.0,0
s014,r014-5,5,0.39875,0,0,cold_start,1,39.641,2.0.0,0
s015,r015-1,1,0.87704,1,1,none,1,26.92,2.0.0,0
s015,r015-2,2,0.79238,1,0,none,1,27.614,2.0.0,0
s015,r015-3,3,0.61185,0,0,none,1,16.403,2.0.0,0
s015,r015-4,4,0.46795,1,1,none,1,23.581,2.0.0,0
s015,r015-5,5,0.38798,0,0,none,1,33.698,2.0.0,0
s016,r016-1,1,0.88976,1,0,none,1,37.283,2.0.0,0
s016,r016-2,2,0.82432,1,1,none,1,29.447,2.0.0,0
s016,r016-3,3,0.67422,0,0,none,1,23.16,2.0.0,0
s016,r016-4,4,0.52978,1,1,none,1,37.863,2.0.0,0
s016,r016-5,5,0.37253,0,0,none,1,44.999,2.0.0,0
s017,r017-1,1,0.91016,1,0,stale_job,1,37.196,2.0.0,0
s017,r017-2,2,0.79714,1,0,stale_job,1,32.527,2.0.0,0
s017,r017-3,3,0.57218,1,1,stale_job,1,36.481,2.0.0,0
s017,r017-4,4,0.47943,0,0,stale_job,1,32.007,2.0.0,0
s017,r017-5,5,0.39065,0,0,stale_job,1,44.398,2.0.0,0
s018,r018-1,1,0.86355,1,1,stale_job,1,20.631,2.0.0,0
s018,r018-2,2,0.76633,1,1,stale_job,1,29.467,2.0.0,0
s018,r018-3,3,0.68506,1,1,stale_job,1,29.429,2.0.0,0
s018,r018-4,4,0.52529,1,1,stale_job,1,41.598,2.0.0,0
s018,r018-5,5,0.37722,1,0,stale_job,1,16.124,2.0.0,0
s019,r019-1,1,0.90937,1,0,none,1,19.779,2.0.0,0
s019,r019-2,2,0.77353,1,0,none,1,24.616,2.0.0,0
s019,r019-3,3,0.57373,0,0,none,1,32.427,2.0.0,0
s019,r019-4,4,0.4808,0,0,none,1,24.576,2.0.0,0
s019,r019-5,5,0.46732,0,0,none,1,23.833,2.0.0,0
s020,r020-1,1,0.87832,1,1,none,1,19.368,2.0.0,0
s020,r020-2,2,0.7857,0,0,none,1,26.33,2.0.0,0
s020,r020-3,3,0.58659,0,0,none,1,20.418,2.0.0,0
s020,r020-4,4,0.51706,1,1,none,1,32.331,2.0.0,0
s020,r020-5,5,0.41156,0,0,none,1,39.082,2.0.0,0
s021,r021-1,1,0.93161,0,0,missing_skill,1,15.349,2.0.0,0
s021,r021-2,2,0.79947,0,0,missing_skill,1,27.174,2.0.0,0
s021,r021-3,3,0.67871,0,0,missing_skill,1,33.461,2.0.0,0
s021,r021-4,4,0.48421,1,0,missing_skill,1,40.835,2.0.0,0
s021,r021-5,5,0.35975,0,0,missing_skill,1,38.474,2.0.0,0
s022,r022-1,1,0.95345,0,0,none,1,30.123,2.0.0,0
s022,r022-2,2,0.76897,0,0,none,1,34.236,2.0.0,0
s022,r022-3,3,0.68462,0,0,none,1,21.938,2.0.0,0
s022,r022-4,4,0.48758,1,1,none,1,28.946,2.0.0,0
s022,r022-5,5,0.44598,1,1,none,1,17.075,2.0.0,0
s023,r023-1,1,0.88234,1,1,cold_start,1,16.165,2.0.0,0
s023,r023-2,2,0.76013,0,0,cold_start,1,25.975,2.0.0,0
s023,r023-3,3,0.62467,0,0,cold_start,1,44.028,2.0.0,0
s023,r023-4,4,0.59619,0,0,cold_start,1,23.995,2.0.0,0
s023,r023-5,5,0.42539,0,0,cold_start,1,21.527,2.0.0,0
s024,r024-1,1,0.83552,1,1,timeout,0,153.036,2.0.0,1
s024,r024-2,2,0.77021,0,0,timeout,1,18.078,2.0.0,0
s024,r024-3,3,0.65076,0,0,timeout,1,43.019,2.0.0,0
s024,r024-4,4,0.49358,0,0,timeout,1,35.084,2.0.0,0
s024,r024-5,5,0.36812,0,0,timeout,1,19.366,2.0.0,0
s025,r025-1,1,0.89815,1,0,cold_start,1,21.784,2.0.0,0
s025,r025-2,2,0.79875,1,0,cold_start,1,22.057,2.0.0,0
s025,r025-3,3,0.65988,1,1,cold_start,1,44.229,2.0.0,0
s025,r025-4,4,0.54173,0,0,cold_start,1,19.564,2.0.0,0
s025,r025-5,5,0.38843,1,1,cold_start,1,36.081,2.0.0,0
s026,r026-1,1,0.97656,1,1,stale_job,1,37.76,2.0.0,0
s026,r026-2,2,0.79214,1,0,stale_job,1,26.619,2.0.0,0
s026,r026-3,3,0.72118,1,1,stale_job,1,24.21,2.0.0,0
s026,r026-4,4,0.50982,0,0,stale_job,1,36.792,2.0.0,0
s026,r026-5,5,0.3798,0,0,stale_job,1,19.785,2.0.0,0
s027,r027-1,1,0.93131,1,1,none,1,30.775,2.0.0,0
s027,r027-2,2,0.77673,0,0,none,1,43.783,2.0.0,0
s027,r027-3,3,0.72518,1,0,none,1,40.854,2.0.0,0
s027,r027-4,4,0.4724,0,0,none,1,19.721,2.0.0,0
s027,r027-5,5,0.49611,0,0,none,1,35.622,2.0.0,0
s028,r028-1,1,0.91648,1,0,stale_job,1,36.111,2.0.0,0
s028,r028-2,2,0.71138,1,1,stale_job,1,34.539,2.0.0,0
s028,r028-3,3,0.61066,0,0,stale_job,1,30.911,2.0.0,0
s028,r028-4,4,0.56334,0,0,stale_job,1,16.334,2.0.0,0
s028,r028-5,5,0.37977,0,0,stale_job,1,36.891,2.0.0,0
s029,r029-1,1,0.91395,1,1,none,1,39.629,2.0.0,0
s029,r029-2,2,0.73525,0,0,none,1,37.957,2.0.0,0
s029,r029-3,3,0.61295,1,1,none,1,31.083,2.0.0,0
s029,r029-4,4,0.47241,0,0,none,1,35.281,2.0.0,0
s029,r029-5,5,0.4148,1,1,none,1,28.67,2.0.0,0
s030,r030-1,1,0.9447,1,1,none,1,21.725,2.0.0,0
s030,r030-2,2,0.84418,1,0,none,1,34.175,2.0.0,0
s030,r030-3,3,0.6554,1,1,none,1,17.481,2.0.0,0
s030,r030-4,4,0.50944,1,1,none,1,37.596,2.0.0,0
s030,r030-5,5,0.4007,0,0,none,1,43.312,2.0.0,0
s031,r031-1,1,0.99773,1,1,timeout,0,146.959,2.0.0,1
s031,r031-2,2,0.77958,0,0,timeout,1,28.342,2.0.0,0
s031,r031-3,3,0.68278,1,1,timeout,1,17.229,2.0.0,0
s031,r031-4,4,0.54113,0,0,timeout,1,17.194,2.0.0,0
s031,r031-5,5,0.40074,1,1,timeout,1,36.253,2.0.0,0
s032,r032-1,1,0.8572,1,1,timeout,0,169.108,2.0.0,1
s032,r032-2,2,0.83808,1,1,timeout,1,34.504,2.0.0,0
s032,r032-3,3,0.69297,1,0,timeout,1,38.316,2.0.0,0
s032,r032-4,4,0.55737,1,1,timeout,1,25.275,2.0.0,0
s032,r032-5,5,0.34931,0,0,timeout,1,24.628,2.0.0,0
s033,r033-1,1,0.9402,1,1,none,1,43.372,2.0.0,0
s033,r033-2,2,0.78992,1,1,none,1,39.043,2.0.0,0
s033,r033-3,3,0.67095,1,1,none,1,24.817,2.0.0,0
s033,r033-4,4,0.55561,0,0,none,1,44.113,2.0.0,0
s033,r033-5,5,0.3791,1,1,none,1,22.34,2.0.0,0
s034,r034-1,1,0.93642,1,0,none,1,20.409,2.0.0,0
s034,r034-2,2,0.84859,1,1,none,1,32.838,2.0.0,0
s034,r034-3,3,0.64128,1,0,none,1,43.837,2.0.0,0
s034,r034-4,4,0.48002,0,0,none,1,22.557,2.0.0,0
s034,r034-5,5,0.40117,0,0,none,1,36.037,2.0.0,0
s035,r035-1,1,0.90922,1,1,none,1,22.515,2.0.0,0
s035,r035-2,2,0.81237,1,1,none,1,34.936,2.0.0,0
s035,r035-3,3,0.64866,1,0,none,1,35.51,2.0.0,0
s035,r035-4,4,0.54819,1,1,none,1,23.654,2.0.0,0
s035,r035-5,5,0.30617,1,1,none,1,36.593,2.0.0,0
s036,r036-1,1,0.93221,0,0,none,1,25.868,2.0.0,0
s036,r036-2,2,0.77926,1,0,none,1,44.267,2.0.0,0
s036,r036-3,3,0.63142,0,0,none,1,42.93,2.0.0,0
s036,r036-4,4,0.53134,1,1,none,1,41.614,2.0.0,0
s036,r036-5,5,0.28947,0,0,none,1,34.21,2.0.0,0
s037,r037-1,1,0.88764,1,1,cold_start,1,43.572,2.0.0,0
s037,r037-2,2,0.83547,0,0,cold_start,1,22.34,2.0.0,0
s037,r037-3,3,0.75038,0,0,cold_start,1,40.979,2.0.0,0
s037,r037-4,4,0.45734,1,1,cold_start,1,29.358,2.0.0,0
s037,r037-5,5,0.39611,0,0,cold_start,1,26.084,2.0.0,0
s038,r038-1,1,0.8642,0,0,stale_job,1,18.969,2.0.0,0
s038,r038-2,2,0.75938,0,0,stale_job,1,32.799,2.0.0,0
s038,r038-3,3,0.67647,0,0,stale_job,1,31.85,2.0.0,0
s038,r038-4,4,0.5459,0,0,stale_job,1,40.808,2.0.0,0
s038,r038-5,5,0.36029,0,0,stale_job,1,44.336,2.0.0,0
s039,r039-1,1,0.90735,1,0,none,1,31.317,2.0.0,0
s039,r039-2,2,0.76128,1,0,none,1,21.797,2.0.0,0
s039,r039-3,3,0.66476,0,0,none,1,28.66,2.0.0,0
s039,r039-4,4,0.55522,1,1,none,1,43.93,2.0.0,0
s039,r039-5,5,0.38098,0,0,none,1,39.694,2.0.0,0
s040,r040-1,1,0.88544,0,0,stale_job,1,19.607,2.0.0,0
s040,r040-2,2,0.82856,1,1,stale_job,1,30.386,2.0.0,0
s040,r040-3,3,0.63253,0,0,stale_job,1,37.599,2.0.0,0
s040,r040-4,4,0.55178,0,0,stale_job,1,37.012,2.0.0,0
s040,r040-5,5,0.32492,0,0,stale_job,1,17.166,2.0.0,0
s041,r041-1,1,0.97198,1,1,none,1,38.478,2.0.0,0
s041,r041-2,2,0.85146,1,1,none,1,23.241,2.0.0,0
s041,r041-3,3,0.68378,1,0,none,1,22.619,2.0.0,0
s041,r041-4,4,0.5404,1,1,none,1,31.011,2.0.0,0
s041,r041-5,5,0.3884,1,1,none,1,34.108,2.0.0,0
s042,r042-1,1,0.94396,1,0,none,1,33.696,2.0.0,0
s042,r042-2,2,0.75114,1,1,none,1,33.318,2.0.0,0
s042,r042-3,3,0.67761,0,0,none,1,30.058,2.0.0,0
s042,r042-4,4,0.54561,0,0,none,1,40.128,2.0.0,0
s042,r042-5,5,0.40856,1,1,none,1,21.645,2.0.0,0
s043,r043-1,1,0.87916,0,0,missing_skill,1,33.951,2.0.0,0
s043,r043-2,2,0.70861,1,0,missing_skill,1,31.483,2.0.0,0
s043,r043-3,3,0.6709,1,0,missing_skill,1,42.304,2.0.0,0
s043,r043-4,4,0.49824,0,0,missing_skill,1,30.066,2.0.0,0
s043,r043-5,5,0.44657,1,0,missing_skill,1,29.515,2.0.0,0
s044,r044-1,1,0.97329,1,1,missing_skill,1,26.041,2.0.0,0
s044,r044-2,2,0.80841,0,0,missing_skill,1,33.796,2.0.0,0
s044,r044-3,3,0.60837,0,0,missing_skill,1,15.806,2.0.0,0
s044,r044-4,4,0.61739,1,1,missing_skill,1,25.199,2.0.0,0
s044,r044-5,5,0.41689,0,0,missing_skill,1,29.776,2.0.0,0
s045,r045-1,1,0.99016,1,1,cold_start,1,30.447,2.0.0,0
s045,r045-2,2,0.81444,1,1,cold_start,1,38.805,2.0.0,0
s045,r045-3,3,0.57739,0,0,cold_start,1,34.743,2.0.0,0
s045,r045-4,4,0.54124,0,0,cold_start,1,16.358,2.0.0,0
s045,r045-5,5,0.41776,0,0,cold_start,1,25.856,2.0.0,0
s046,r046-1,1,0.95115,1,1,none,1,30.355,2.0.0,0
s046,r046-2,2,0.81158,1,1,none,1,35.608,2.0.0,0
s046,r046-3,3,0.5995,0,0,none,1,40.661,2.0.0,0
s046,r046-4,4,0.45669,0,0,none,1,37.498,2.0.0,0
s046,r046-5,5,0.4151,0,0,none,1,27.771,2.0.0,0
s047,r047-1,1,0.87319,1,1,none,1,35.985,2.0.0,0
s047,r047-2,2,0.72736,1,1,none,1,35.929,2.0.0,0
s047,r047-3,3,0.68196,0,0,none,1,25.818,2.0.0,0
s047,r047-4,4,0.58323,1,1,none,1,39.235,2.0.0,0
s047,r047-5,5,0.41409,0,0,none,1,39.655,2.0.0,0
s048,r048-1,1,0.91561,1,1,none,1,36.606,2.0.0,0
s048,r048-2,2,0.77857,1,1,none,1,34.92,2.0.0,0
s048,r048-3,3,0.6087,1,0,none,1,39.908,2.0.0,0
s048,r048-4,4,0.56914,1,1,none,1,33.244,2.0.0,0
s048,r048-5,5,0.4294,0,0,none,1,25.306,2.0.0,0
s049,r049-1,1,0.94096,1,1,missing_skill,1,40.453,2.0.0,0
s049,r049-2,2,0.80172,1,1,missing_skill,1,37.652,2.0.0,0
s049,r049-3,3,0.61375,0,0,missing_skill,1,44.195,2.0.0,0
s049,r049-4,4,0.48072,1,1,missing_skill,1,44.399,2.0.0,0
s049,r049-5,5,0.34534,0,0,missing_skill,1,18.224,2.0.0,0
s050,r050-1,1,0.92232,1,1,stale_job,1,22.835,2.0.0,0
s050,r050-2,2,0.8086,1,1,stale_job,1,31.408,2.0.0,0
s050,r050-3,3,0.61474,0,0,stale_job,1,18.298,2.0.0,0
s050,r050-4,4,0.54421,0,0,stale_job,1,21.726,2.0.0,0
s050,r050-5,5,0.31902,1,1,stale_job,1,25.485,2.0.0,0
s051,r051-1,1,0.98791,1,1,none,1,36.823,2.0.0,0
s051,r051-2,2,0.77546,1,1,none,1,38.228,2.0.0,0
s051,r051-3,3,0.71431,1,0,none,1,19.304,2.0.0,0
s051,r051-4,4,0.53223,1,1,none,1,25.473,2.0.0,0
s051,r051-5,5,0.43472,0,0,none,1,26.398,2.0.0,0
s052,r052-1,1,0.94707,0,0,timeout,0,145.18,2.0.0,1
s052,r052-2,2,0.81308,0,0,timeout,1,42.1,2.0.0,0
s052,r052-3,3,0.69615,0,0,timeout,1,24.835,2.0.0,0
s052,r052-4,4,0.50863,1,1,timeout,1,24.289,2.0.0,0
s052,r052-5,5,0.37571,0,0,timeout,1,19.124,2.0.0,0
s053,r053-1,1,0.86916,1,1,none,1,31.771,2.0.0,0
s053,r053-2,2,0.77703,0,0,none,1,18.334,2.0.0,0
s053,r053-3,3,0.70275,1,1,none,1,15.496,2.0.0,0
s053,r053-4,4,0.51017,0,0,none,1,20.53,2.0.0,0
s053,r053-5,5,0.42287,0,0,none,1,41.074,2.0.0,0
s054,r054-1,1,0.8916,1,1,cold_start,1,17.826,2.0.0,0
s054,r054-2,2,0.74507,1,1,cold_start,1,18.645,2.0.0,0
s054,r054-3,3,0.66216,0,0,cold_start,1,33.571,2.0.0,0
s054,r054-4,4,0.55997,1,1,cold_start,1,35.911,2.0.0,0
s054,r054-5,5,0.47151,1,0,cold_start,1,31.786,2.0.0,0
s055,r055-1,1,0.90707,1,1,missing_skill,1,19.864,2.0.0,0
s055,r055-2,2,0.73646,1,1,missing_skill,1,30.37,2.0.0,0
s055,r055-3,3,0.69256,0,0,missing_skill,1,42.844,2.0.0,0
s055,r055-4,4,0.50996,0,0,missing_skill,1,19.351,2.0.0,0
s055,r055-5,5,0.39863,1,1,missing_skill,1,28.191,2.0.0,0
s056,r056-1,1,0.90671,0,0,timeout,0,173.331,2.0.0,1
s056,r056-2,2,0.85263,1,1,timeout,1,44.844,2.0.0,0
s056,r056-3,3,0.66053,0,0,timeout,1,39.904,2.0.0,0
s056,r056-4,4,0.48293,0,0,timeout,1,44.168,2.0.0,0
s056,r056-5,5,0.40137,0,0,timeout,1,38.34,2.0.0,0
s057,r057-1,1,0.95858,1,0,missing_skill,1,41.517,2.0.0,0
s057,r057-2,2,0.77091,1,0,missing_skill,1,17.306,2.0.0,0
s057,r057-3,3,0.69799,1,1,missing_skill,1,40.831,2.0.0,0
s057,r057-4,4,0.50772,0,0,missing_skill,1,35.609,2.0.0,0
s057,r057-5,5,0.33508,0,0,missing_skill,1,17.654,2.0.0,0
s058,r058-1,1,0.93495,1,1,none,1,36.776,2.0.0,0
s058,r058-2,2,0.81126,1,0,none,1,31.7,2.0.0,0
s058,r058-3,3,0.64089,1,1,none,1,34.853,2.0.0,0
s058,r058-4,4,0.56266,1,1,none,1,17.125,2.0.0,0
s058,r058-5,5,0.38426,1,1,none,1,44.255,2.0.0,0
s059,r059-1,1,1.0093,1,1,cold_start,1,33.003,2.0.0,0
s059,r059-2,2,0.78621,0,0,cold_start,1,21.248,2.0.0,0
s059,r059-3,3,0.63393,0,0,cold_start,1,44.438,2.0.0,0
s059,r059-4,4,0.55259,1,1,cold_start,1,31.044,2.0.0,0
s059,r059-5,5,0.37702,0,0,cold_start,1,28.387,2.0.0,0
s060,r060-1,1,0.9216,1,1,stale_job,1,43.782,2.0.0,0
s060,r060-2,2,0.7725,1,0,stale_job,1,44.167,2.0.0,0
s060,r060-3,3,0.65348,0,0,stale_job,1,23.515,2.0.0,0
s060,r060-4,4,0.49021,0,0,stale_job,1,35.027,2.0.0,0
s060,r060-5,5,0.32217,0,0,stale_job,1,25.387,2.0.0,0
s061,r061-1,1,0.8991,1,1,none,1,43.347,2.0.0,0
s061,r061-2,2,0.77925,1,0,none,1,33.422,2.0.0,0
s061,r061-3,3,0.68635,1,0,none,1,38.342,2.0.0,0
s061,r061-4,4,0.47356,0,0,none,1,42.418,2.0.0,0
s061,r061-5,5,0.4165,0,0,none,1,18.434,2.0.0,0
s062,r062-1,1,0.98384,1,0,missing_skill,1,31.408,2.0.0,0
s062,r062-2,2,0.76336,0,0,missing_skill,1,32.148,2.0.0,0
s062,r062-3,3,0.57486,0,0,missing_skill,1,27.084,2.0.0,0
s062,r062-4,4,0.57712,0,0,missing_skill,1,23.385,2.0.0,0
s062,r062-5,5,0.42205,0,0,missing_skill,1,21.844,2.0.0,0
s063,r063-1,1,0.94344,1,0,none,1,32.145,2.0.0,0
s063,r063-2,2,0.78994,1,1,none,1,30.967,2.0.0,0
s063,r063-3,3,0.63341,0,0,none,1,30.542,2.0.0,0
s063,r063-4,4,0.51447,0,0,none,1,21.944,2.0.0,0
s063,r063-5,5,0.42767,0,0,none,1,41.958,2.0.0,0
s064,r064-1,1,0.84993,0,0,stale_job,1,35.375,2.0.0,0
s064,r064-2,2,0.78899,1,1,stale_job,1,41.035,2.0.0,0
s064,r064-3,3,0.65536,1,0,stale_job,1,38.662,2.0.0,0
s064,r064-4,4,0.56858,1,0,stale_job,1,43.408,2.0.0,0
s064,r064-5,5,0.38798,0,0,stale_job,1,40.551,2.0.0,0
s065,r065-1,1,0.95375,1,1,missing_skill,1,36.929,2.0.0,0
s065,r065-2,2,0.78328,1,0,missing_skill,1,42.363,2.0.0,0
s065,r065-3,3,0.66988,0,0,missing_skill,1,38.222,2.0.0,0
s065,r065-4,4,0.56383,1,1,missing_skill,1,33.497,2.0.0,0
s065,r065-5,5,0.42967,0,0,missing_skill,1,42.558,2.0.0,0
s066,r066-1,1,0.91629,1,1,missing_skill,1,18.49,2.0.0,0
s066,r066-2,2,0.81341,0,0,missing_skill,1,27.196,2.0.0,0
s066,r066-3,3,0.72041,1,1,missing_skill,1,33.004,2.0.0,0
s066,r066-4,4,0.52358,0,0,missing_skill,1,36.343,2.0.0,0
s066,r066-5,5,0.39656,0,0,missing_skill,1,24.801,2.0.0,0
s067,r067-1,1,0.94465,1,1,none,1,22.288,2.0.0,0
s067,r067-2,2,0.80785,1,1,none,1,32.291,2.0.0,0
s067,r067-3,3,0.65449,1,1,none,1,24.772,2.0.0,0
s067,r067-4,4,0.58303,1,1,none,1,17.226,2.0.0,0
s067,r067-5,5,0.37845,0,0,none,1,33.422,2.0.0,0
s068,r068-1,1,0.94237,0,0,timeout,0,170.959,2.0.0,1
s068,r068-2,2,0.84134,1,1,timeout,1,23.859,2.0.0,0
s068,r068-3,3,0.69462,1,1,timeout,1,22.123,2.0.0,0
s068,r068-4,4,0.55379,0,0,timeout,1,15.376,2.0.0,0
s068,r068-5,5,0.37219,1,1,timeout,1,37.207,2.0.0,0
s069,r069-1,1,0.99216,1,1,cold_start,1,37.719,2.0.0,0
s069,r069-2,2,0.8358,0,0,cold_start,1,36.509,2.0.0,0
s069,r069-3,3,0.59801,0,0,cold_start,1,28.014,2.0.0,0
s069,r069-4,4,0.55615,0,0,cold_start,1,30.13,2.0.0,0
s069,r069-5,5,0.4099,0,0,cold_start,1,25.966,2.0.0,0
s070,r070-1,1,0.90573,1,1,missing_skill,1,27.008,2.0.0,0
s070,r070-2,2,0.75664,0,0,missing_skill,1,31.912,2.0.0,0
s070,r070-3,3,0.72406,0,0,missing_skill,1,23.851,2.0.0,0
s070,r070-4,4,0.57616,1,1,missing_skill,1,31.902,2.0.0,0
s070,r070-5,5,0.45083,0,0,missing_skill,1,17.943,2.0.0,0
s071,r071-1,1,0.93485,0,0,cold_start,1,43.033,2.0.0,0
s071,r071-2,2,0.79149,0,0,cold_start,1,19.556,2.0.0,0
s071,r071-3,3,0.69413,1,1,cold_start,1,28.108,2.0.0,0
s071,r071-4,4,0.52374,1,1,cold_start,1,38.501,2.0.0,0
s071,r071-5,5,0.44616,0,0,cold_start,1,28.17,2.0.0,0
s072,r072-1,1,0.97664,1,0,missing_skill,1,37.136,2.0.0,0
s072,r072-2,2,0.79819,1,1,missing_skill,1,20.306,2.0.0,0
s072,r072-3,3,0.61571,1,0,missing_skill,1,18.352,2.0.0,0
s072,r072-4,4,0.48629,0,0,missing_skill,1,27.733,2.0.0,0
s072,r072-5,5,0.43768,0,0,missing_skill,1,36.678,2.0.0,0
s073,r073-1,1,0.90457,1,1,stale_job,1,26.198,2.0.0,0
s073,r073-2,2,0.7557,1,1,stale_job,1,22.254,2.0.0,0
s073,r073-3,3,0.63774,1,1,stale_job,1,43.039,2.0.0,0
s073,r073-4,4,0.51721,1,1,stale_job,1,44.269,2.0.0,0
s073,r073-5,5,0.4088,0,0,stale_job,1,30.982,2.0.0,0
s074,r074-1,1,0.91502,1,1,none,1,44.496,2.0.0,0
s074,r074-2,2,0.74036,1,1,none,1,25.489,2.0.0,0
s074,r074-3,3,0.7041,1,1,none,1,33.773,2.0.0,0
s074,r074-4,4,0.55041,0,0,none,1,26.226,2.0.0,0
s074,r074-5,5,0.40743,0,0,none,1,25.041,2.0.0,0
s075,r075-1,1,0.89515,1,1,none,1,37.888,2.0.0,0
s075,r075-2,2,0.7621,1,1,none,1,43.592,2.0.0,0
s075,r075-3,3,0.67145,1,0,none,1,28.192,2.0.0,0
s075,r075-4,4,0.57326,1,0,none,1,21.724,2.0.0,0
s075,r075-5,5,0.45376,1,1,none,1,17.37,2.0.0,0
s076,r076-1,1,0.93565,1,1,timeout,0,146.635,2.0.0,1
s076,r076-2,2,0.807,1,0,timeout,1,15.63,2.0.0,0
s076,r076-3,3,0.51244,0,0,timeout,1,23.476,2.0.0,0
s076,r076-4,4,0.55093,1,1,timeout,1,35.881,2.0.0,0
s076,r076-5,5,0.40992,1,0,timeout,1,31.374,2.0.0,0
s077,r077-1,1,0.89507,0,0,timeout,0,165.145,2.0.0,1
s077,r077-2,2,0.76988,0,0,timeout,1,22.101,2.0.0,0
s077,r077-3,3,0.66781,1,0,timeout,1,21.916,2.0.0,0
s077,r077-4,4,0.61324,0,0,timeout,1,38.004,2.0.0,0
s077,r077-5,5,0.38477,1,1,timeout,1,24.72,2.0.0,0
s078,r078-1,1,0.86499,1,0,none,1,29.475,2.0.0,0
s078,r078-2,2,0.7396,0,0,none,1,40.391,2.0.0,0
s078,r078-3,3,0.6459,0,0,none,1,20.266,2.0.0,0
s078,r078-4,4,0.53722,1,1,none,1,27.359,2.0.0,0
s078,r078-5,5,0.4615,0,0,none,1,40.583,2.0.0,0
s079,r079-1,1,0.95317,1,0,missing_skill,1,43.877,2.0.0,0
s079,r079-2,2,0.76881,1,0,missing_skill,1,38.302,2.0.0,0
s079,r079-3,3,0.65113,0,0,missing_skill,1,43.587,2.0.0,0
s079,r079-4,4,0.46783,0,0,missing_skill,1,15.004,2.0.0,0
s079,r079-5,5,0.38089,0,0,missing_skill,1,28.834,2.0.0,0
s080,r080-1,1,0.98399,1,1,none,1,27.427,2.0.0,0
s080,r080-2,2,0.86119,1,1,none,1,39.412,2.0.0,0
s080,r080-3,3,0.6567,1,1,none,1,44.551,2.0.0,0
s080,r080-4,4,0.54045,1,1,none,1,33.386,2.0.0,0
s080,r080-5,5,0.41342,1,1,none,1,41.581,2.0.0,0
s081,r081-1,1,0.88005,1,1,none,1,17.648,2.0.0,0
s081,r081-2,2,0.81361,1,1,none,1,43.982,2.0.0,0
s081,r081-3,3,0.6537,1,0,none,1,36.502,2.0.0,0
s081,r081-4,4,0.53288,1,1,none,1,38.043,2.0.0,0
s081,r081-5,5,0.39332,0,0,none,1,26.469,2.0.0,0
s082,r082-1,1,0.92641,1,1,missing_skill,1,35.375,2.0.0,0
s082,r082-2,2,0.86192,0,0,missing_skill,1,35.824,2.0.0,0
s082,r082-3,3,0.73381,1,1,missing_skill,1,20.986,2.0.0,0
s082,r082-4,4,0.51391,1,1,missing_skill,1,18.067,2.0.0,0
s082,r082-5,5,0.35409,0,0,missing_skill,1,22.325,2.0.0,0
s083,r083-1,1,0.84505,1,1,none,1,21.413,2.0.0,0
s083,r083-2,2,0.7332,1,1,none,1,15.572,2.0.0,0
s083,r083-3,3,0.71493,1,1,none,1,28.714,2.0.0,0
s083,r083-4,4,0.50313,1,1,none,1,36.089,2.0.0,0
s083,r083-5,5,0.40821,0,0,none,1,18.74,2.0.0,0
s084,r084-1,1,0.87768,0,0,missing_skill,1,22.575,2.0.0,0
s084,r084-2,2,0.85998,1,1,missing_skill,1,41.815,2.0.0,0
s084,r084-3,3,0.67415,0,0,missing_skill,1,31.928,2.0.0,0
s084,r084-4,4,0.45718,0,0,missing_skill,1,21.175,2.0.0,0
s084,r084-5,5,0.4681,0,0,missing_skill,1,35.343,2.0.0,0
s085,r085-1,1,0.85938,1,0,missing_skill,1,18.929,2.0.0,0
s085,r085-2,2,0.79271,1,0,missing_skill,1,34.501,2.0.0,0
s085,r085-3,3,0.69494,1,0,missing_skill,1,37.898,2.0.0,0
s085,r085-4,4,0.50408,0,0,missing_skill,1,38.602,2.0.0,0
s085,r085-5,5,0.4621,0,0,missing_skill,1,15.809,2.0.0,0
s086,r086-1,1,0.94237,0,0,missing_skill,1,16.279,2.0.0,0
s086,r086-2,2,0.78499,0,0,missing_skill,1,17.457,2.0.0,0
s086,r086-3,3,0.63626,1,1,missing_skill,1,16.576,2.0.0,0
s086,r086-4,4,0.50306,0,0,missing_skill,1,28.097,2.0.0,0
s086,r086-5,5,0.39419,1,1,missing_skill,1,37.162,2.0.0,0
s087,r087-1,1,0.93048,1,0,missing_skill,1,16.586,2.0.0,0
s087,r087-2,2,0.80944,0,0,missing_skill,1,19.181,2.0.0,0
s087,r087-3,3,0.58639,0,0,missing_skill,1,44.336,2.0.0,0
s087,r087-4,4,0.56084,1,0,missing_skill,1,28.21,2.0.0,0
s087,r087-5,5,0.31306,1,1,missing_skill,1,18.422,2.0.0,0
s088,r088-1,1,0.91268,1,0,none,1,23.162,2.0.0,0
s088,r088-2,2,0.74194,1,0,none,1,16.364,2.0.0,0
s088,r088-3,3,0.67595,1,0,none,1,30.457,2.0.0,0
s088,r088-4,4,0.63045,0,0,none,1,42.379,2.0.0,0
s088,r088-5,5,0.3859,0,0,none,1,31.451,2.0.0,0
s089,r089-1,1,0.84524,0,0,none,1,15.609,2.0.0,0
s089,r089-2,2,0.77163,0,0,none,1,23.035,2.0.0,0
s089,r089-3,3,0.62894,0,0,none,1,26.711,2.0.0,0
s089,r089-4,4,0.51526,0,0,none,1,29.067,2.0.0,0
s089,r089-5,5,0.49416,0,0,none,1,26.978,2.0.0,0
s090,r090-1,1,0.92647,1,1,none,1,28.93,2.0.0,0
s090,r090-2,2,0.83246,1,0,none,1,42.4,2.0.0,0
s090,r090-3,3,0.6709,1,1,none,1,16.844,2.0.0,0
s090,r090-4,4,0.55783,0,0,none,1,36.138,2.0.0,0
s090,r090-5,5,0.48599,0,0,none,1,35.646,2.0.0,0
s091,r091-1,1,0.94157,1,0,missing_skill,1,31.045,2.0.0,0
s091,r091-2,2,0.8126,1,1,missing_skill,1,26.863,2.0.0,0
s091,r091-3,3,0.635,0,0,missing_skill,1,22.029,2.0.0,0
s091,r091-4,4,0.53836,0,0,missing_skill,1,23.15,2.0.0,0
s091,r091-5,5,0.39308,0,0,missing_skill,1,21.355,2.0.0,0
s092,r092-1,1,0.9265,0,0,none,1,34.86,2.0.0,0
s092,r092-2,2,0.8605,1,1,none,1,22.799,2.0.0,0
s092,r092-3,3,0.66838,0,0,none,1,15.973,2.0.0,0
s092,r092-4,4,0.54676,0,0,none,1,25.045,2.0.0,0
s092,r092-5,5,0.43062,1,1,none,1,41.844,2.0.0,0
s093,r093-1,1,0.89972,1,1,none,1,32.788,2.0.0,0
s093,r093-2,2,0.859,1,1,none,1,17.431,2.0.0,0
s093,r093-3,3,0.62435,1,0,none,1,29.269,2.0.0,0
s093,r093-4,4,0.48233,0,0,none,1,40.7,2.0.0,0
s093,r093-5,5,0.29425,0,0,none,1,21.166,2.0.0,0
s094,r094-1,1,0.86896,1,1,cold_start,1,16.391,2.0.0,0
s094,r094-2,2,0.8265,1,1,cold_start,1,40.247,2.0.0,0
s094,r094-3,3,0.60877,0,0,cold_start,1,34.004,2.0.0,0
s094,r094-4,4,0.52912,1,1,cold_start,1,29.727,2.0.0,0
s094,r094-5,5,0.34189,1,1,cold_start,1,26.04,2.0.0,0
s095,r095-1,1,0.89732,1,1,none,1,34.047,2.0.0,0
s095,r095-2,2,0.73116,1,0,none,1,33.099,2.0.0,0
s095,r095-3,3,0.69345,0,0,none,1,29.884,2.0.0,0
s095,r095-4,4,0.53441,0,0,none,1,19.913,2.0.0,0
s095,r095-5,5,0.36049,1,0,none,1,19.42,2.0.0,0
s096,r096-1,1,0.98161,1,1,none,1,44.101,2.0.0,0
s096,r096-2,2,0.8069,0,0,none,1,23.084,2.0.0,0
s096,r096-3,3,0.69273,0,0,none,1,31.3,2.0.0,0
s096,r096-4,4,0.5434,1,1,none,1,20.903,2.0.0,0
s096,r096-5,5,0.42316,0,0,none,1,17.169,2.0.0,0
s097,r097-1,1,0.92371,1,0,cold_start,1,26.356,2.0.0,0
s097,r097-2,2,0.79574,1,1,cold_start,1,24.018,2.0.0,0
s097,r097-3,3,0.66343,0,0,cold_start,1,34.75,2.0.0,0
s097,r097-4,4,0.50353,0,0,cold_start,1,41.008,2.0.0,0
s097,r097-5,5,0.37522,0,0,cold_start,1,23.457,2.0.0,0
s098,r098-1,1,0.84954,1,1,timeout,0,151.37,2.0.0,1
s098,r098-2,2,0.76347,1,0,timeout,1,42.998,2.0.0,0
s098,r098-3,3,0.64037,0,0,timeout,1,34.847,2.0.0,0
s098,r098-4,4,0.55775,0,0,timeout,1,21.995,2.0.0,0
s098,r098-5,5,0.40495,1,1,timeout,1,31.966,2.0.0,0
s099,r099-1,1,0.99207,1,1,cold_start,1,17.257,2.0.0,0
s099,r099-2,2,0.78053,1,1,cold_start,1,42.136,2.0.0,0
s099,r099-3,3,0.56614,1,1,cold_start,1,41.616,2.0.0,0
s099,r099-4,4,0.54366,0,0,cold_start,1,22.8,2.0.0,0
s099,r099-5,5,0.37376,0,0,cold_start,1,24.106,2.0.0,0
s100,r100-1,1,0.91924,1,1,cold_start,1,36.102,2.0.0,0
s100,r100-2,2,0.78079,1,0,cold_start,1,27.501,2.0.0,0
s100,r100-3,3,0.65492,1,1,cold_start,1,33.178,2.0.0,0
s100,r100-4,4,0.53607,0,0,cold_start,1,41.609,2.0.0,0
s100,r100-5,5,0.43155,0,0,cold_start,1,41.734,2.0.0,0
s101,r101-1,1,0.94341,1,0,stale_job,1,20.988,2.0.0,0
s101,r101-2,2,0.74298,0,0,stale_job,1,40.177,2.0.0,0
s101,r101-3,3,0.66205,1,0,stale_job,1,38.064,2.0.0,0
s101,r101-4,4,0.60361,1,1,stale_job,1,37.217,2.0.0,0
s101,r101-5,5,0.42599,0,0,stale_job,1,36.672,2.0.0,0
s102,r102-1,1,0.9464,1,0,none,1,15.476,2.0.0,0
s102,r102-2,2,0.80167,1,0,none,1,16.202,2.0.0,0
s102,r102-3,3,0.65268,0,0,none,1,31.475,2.0.0,0
s102,r102-4,4,0.50786,0,0,none,1,20.382,2.0.0,0
s102,r102-5,5,0.32088,1,0,none,1,41.713,2.0.0,0
s103,r103-1,1,0.87811,1,0,none,1,24.954,2.0.0,0
s103,r103-2,2,0.74753,1,1,none,1,15.996,2.0.0,0
s103,r103-3,3,0.65438,1,0,none,1,22.329,2.0.0,0
s103,r103-4,4,0.48006,0,0,none,1,42.666,2.0.0,0
s103,r103-5,5,0.34103,1,0,none,1,22.257,2.0.0,0
s104,r104-1,1,0.97754,1,1,none,1,19.888,2.0.0,0
s104,r104-2,2,0.81024,1,1,none,1,43.579,2.0.0,0
s104,r104-3,3,0.61869,0,0,none,1,15.549,2.0.0,0
s104,r104-4,4,0.46623,0,0,none,1,24.084,2.0.0,0
s104,r104-5,5,0.46286,0,0,none,1,18.155,2.0.0,0
s105,r105-1,1,0.9392,0,0,timeout,0,148.333,2.0.0,1
s105,r105-2,2,0.77255,0,0,timeout,1,21.925,2.0.0,0
s105,r105-3,3,0.70657,1,1,timeout,1,36.58,2.0.0,0
s105,r105-4,4,0.52824,0,0,timeout,1,26.652,2.0.0,0
s105,r105-5,5,0.43436,1,1,timeout,1,26.593,2.0.0,0
s106,r106-1,1,0.88661,1,0,missing_skill,1,41.737,2.0.0,0
s106,r106-2,2,0.84791,1,1,missing_skill,1,37.677,2.0.0,0
s106,r106-3,3,0.57164,0,0,missing_skill,1,29.197,2.0.0,0
s106,r106-4,4,0.54047,0,0,missing_skill,1,22.169,2.0.0,0
s106,r106-5,5,0.44699,0,0,missing_skill,1,19.911,2.0.0,0
s107,r107-1,1,0.92089,0,0,none,1,35.663,2.0.0,0
s107,r107-2,2,0.84533,0,0,none,1,33.926,2.0.0,0
s107,r107-3,3,0.69976,1,1,none,1,39.199,2.0.0,0
s107,r107-4,4,0.53044,0,0,none,1,18.771,2.0.0,0
s107,r107-5,5,0.3668,1,0,none,1,33.857,2.0.0,0
s108,r108-1,1,0.89948,1,1,cold_start,1,38.353,2.0.0,0
s108,r108-2,2,0.81008,0,0,cold_start,1,42.863,2.0.0,0
s108,r108-3,3,0.69409,1,0,cold_start,1,42.625,2.0.0,0
s108,r108-4,4,0.45402,0,0,cold_start,1,17.842,2.0.0,0
s108,r108-5,5,0.3791,1,0,cold_start,1,42.135,2.0.0,0
s109,r109-1,1,0.93484,1,1,none,1,17.562,2.0.0,0
s109,r109-2,2,0.81807,1,0,none,1,20.893,2.0.0,0
s109,r109-3,3,0.63102,1,0,none,1,32.475,2.0.0,0
s109,r109-4,4,0.53417,0,0,none,1,42.832,2.0.0,0
s109,r109-5,5,0.40862,1,1,none,1,30.652,2.0.0,0
s110,r110-1,1,0.89557,0,0,cold_start,1,37.126,2.0.0,0
s110,r110-2,2,0.79778,1,1,cold_start,1,15.875,2.0.0,0
s110,r110-3,3,0.68069,1,0,cold_start,1,32.371,2.0.0,0
s110,r110-4,4,0.50065,1,1,cold_start,1,30.562,2.0.0,0
s110,r110-5,5,0.35333,0,0,cold_start,1,43.481,2.0.0,0
s111,r111-1,1,0.89552,1,0,timeout,0,160.557,2.0.0,1
s111,r111-2,2,0.8136,0,0,timeout,1,35.906,2.0.0,0
s111,r111-3,3,0.73619,1,1,timeout,1,17.602,2.0.0,0
s111,r111-4,4,0.49157,1,1,timeout,1,24.219,2.0.0,0
s111,r111-5,5,0.38696,0,0,timeout,1,33.377,2.0.0,0
s112,r112-1,1,0.85161,1,0,cold_start,1,19.048,2.0.0,0
s112,r112-2,2,0.79562,0,0,cold_start,1,15.065,2.0.0,0
s112,r112-3,3,0.61578,0,0,cold_start,1,31.892,2.0.0,0
s112,r112-4,4,0.58195,1,1,cold_start,1,43.175,2.0.0,0
s112,r112-5,5,0.4006,0,0,cold_start,1,28.357,2.0.0,0
s113,r113-1,1,0.95558,1,1,none,1,23.584,2.0.0,0
s113,r113-2,2,0.79239,1,1,none,1,28.119,2.0.0,0
s113,r113-3,3,0.65367,1,0,none,1,30.344,2.0.0,0
s113,r113-4,4,0.54126,0,0,none,1,36.771,2.0.0,0
s113,r113-5,5,0.43281,0,0,none,1,17.95,2.0.0,0
s114,r114-1,1,0.90277,1,0,none,1,19.183,2.0.0,0
s114,r114-2,2,0.77555,1,0,none,1,40.381,2.0.0,0
s114,r114-3,3,0.66441,0,0,none,1,33.206,2.0.0,0
s114,r114-4,4,0.46929,1,1,none,1,23.877,2.0.0,0
s114,r114-5,5,0.38148,0,0,none,1,21.283,2.0.0,0
s115,r115-1,1,0.92839,0,0,missing_skill,1,28.49,2.0.0,0
s115,r115-2,2,0.84662,1,1,missing_skill,1,33.877,2.0.0,0
s115,r115-3,3,0.63165,1,0,missing_skill,1,41.422,2.0.0,0
s115,r115-4,4,0.5229,0,0,missing_skill,1,21.347,2.0.0,0
s115,r115-5,5,0.45221,0,0,missing_skill,1,42.426,2.0.0,0
s116,r116-1,1,0.88412,0,0,cold_start,1,36.118,2.0.0,0
s116,r116-2,2,0.78903,1,1,cold_start,1,38.908,2.0.0,0
s116,r116-3,3,0.73128,0,0,cold_start,1,20.073,2.0.0,0
s116,r116-4,4,0.5046,0,0,cold_start,1,38.188,2.0.0,0
s116,r116-5,5,0.43141,0,0,cold_start,1,20.091,2.0.0,0
s117,r117-1,1,0.86353,1,1,timeout,0,145.018,2.0.0,1
s117,r117-2,2,0.76495,0,0,timeout,1,30.135,2.0.0,0
s117,r117-3,3,0.72043,0,0,timeout,1,22.554,2.0.0,0
s117,r117-4,4,0.51276,1,0,timeout,1,40.478,2.0.0,0
s117,r117-5,5,0.38195,0,0,timeout,1,25.19,2.0.0,0
s118,r118-1,1,0.90569,1,1,missing_skill,1,22.669,2.0.0,0
s118,r118-2,2,0.81077,0,0,missing_skill,1,37.223,2.0.0,0
s118,r118-3,3,0.68792,0,0,missing_skill,1,43.124,2.0.0,0
s118,r118-4,4,0.55897,1,0,missing_skill,1,18.912,2.0.0,0
s118,r118-5,5,0.39857,0,0,missing_skill,1,40.954,2.0.0,0
s119,r119-1,1,0.88349,1,1,none,1,36.883,2.0.0,0
s119,r119-2,2,0.82176,1,1,none,1,28.344,2.0.0,0
s119,r119-3,3,0.64654,1,1,none,1,24.337,2.0.0,0
s119,r119-4,4,0.51032,1,1,none,1,20.581,2.0.0,0
s119,r119-5,5,0.4032,0,0,none,1,42.515,2.0.0,0
